D,rho,H,chave_kg,alvarez_kg,ratio,pct_diff
10,0.6,12.533527299725028,43.17280203012053,48.589364887315696,0.8885236950563812,-11.147630494361882
10.25,0.6,12.754653948016285,46.08465085990897,51.7141500485459,0.8911419953078157,-10.885800469218431
10.5,0.6,12.973306862357836,49.112231842903405,54.9537069567802,0.8937018913306253,-10.629810866937472
10.75,0.6,13.18951371630103,52.256858734890564,58.308987496020194,0.896205902022519,-10.379409797748096
11,0.6,13.403301873814414,55.51980369447297,61.78090390769986,0.8986563838143107,-10.134361618568931
11.25,0.6,13.614698392747044,58.90229828108109,65.37032998560262,0.9010555445269118,-9.894445547308816
11.5,0.6,13.82373002825304,62.40553442772653,69.07810222876506,0.9034054557703239,-9.659454422967606
11.75,0.6,14.030423236177787,66.0306653894273,72.90502095454744,0.9057080640659037,-9.429193593409636
12,0.6,14.234804176406321,69.7788066681773,76.85185137388467,0.9079652008473162,-9.203479915268375
12.25,0.6,14.436898716174206,73.65103691527867,80.91932463058426,0.9101785914738286,-8.982140852617137
12.5,0.6,14.636732433341388,77.64839881180643,85.10813880639444,0.9123498633713802,-8.765013662861975
12.75,0.6,14.834330619629453,81.77189992793173,89.41895989345224,0.9144805534012874,-8.551944659871257
13,0.6,15.029718283822609,86.0225135617876,93.85242273560426,0.9165721145433332,-8.342788545666679
13.25,0.6,15.222920154932924,90.40117955852651,98.40913193999259,0.9186259219688155,-8.137407803118446
13.5,0.6,15.4139606853301,94.90880511018231,103.08966276020897,0.9206432785694946,-7.935672143050542
13.75,0.6,15.60286405383628,99.54626553692036,107.89456195223282,0.9226254200002366,-7.737457999976338
14,0.6,15.789654168786187,104.31440505022864,112.82434860429791,0.9245735192860215,-7.542648071397851
14.25,0.6,15.97435467105309,109.21403749857792,117.87951494175454,0.9264886910379779,-7.351130896202207
14.5,0.6,16.15698893704085,114.24594709605246,123.06052710793625,0.9283719953177794,-7.162800468222064
14.75,0.6,16.337580081642546,119.41088913443159,128.36782592197792,0.930224441185205,-6.9775558814795025
15,0.6,16.516150961165977,124.70959067918018,133.80182761447915,0.9320469899596867,-6.795301004031328
15.25,0.6,16.69272417622644,130.14275124978664,139.36292454185482,0.9338405582232232,-6.6159441776776795
15.5,0.6,16.86732207460718,135.71104348486853,145.0514858801699,0.9356060205890085,-6.439397941099145
15.75,0.6,17.03996675408776,141.41511379244847,150.86785829921027,0.9373442122574939,-6.2655787742506135
16,0.6,17.210680065240876,147.2555829857875,156.8123666175086,0.9390559313792408,-6.094406862075918
16.25,0.6,17.379483614197863,153.23304690514763,162.88531443899464,0.9407419412419646,-5.925805875803536
16.5,0.6,17.546398765383195,159.34807702583967,169.08698477191842,0.9424029722972731,-5.75970277027269
16.75,0.6,17.711446644218512,165.60122105290301,175.4176406306555,0.9440397240410894,-5.596027595891062
17,0.6,17.874648139796285,171.9930035027463,181.87752562097253,0.9456528667603203,-5.434713323967966
17.25,0.6,18.036023907523653,178.52392627207047,188.4668645093113,0.947243043157066,-5.275695684293402
17.5,0.6,18.19559437173662,185.19446919438232,195.18586377661333,0.9488108698606064,-5.1189130139393635
17.75,0.6,18.353379728285077,192.00509058439627,202.03471215719142,0.9503569388363734,-4.9643061163626605
18,0.6,18.509399947088827,198.95622777061277,209.01358116312693,0.9518818187002653,-4.811818129973466
18.25,0.6,18.66367477466507,206.04829761635156,216.1226255946506,0.9533860559458778,-4.6613944054122225
18.5,0.6,18.81622373662761,213.28169702951024,223.36198403694922,0.9548701760915077,-4.5129823908492295
18.75,0.6,18.96706614015807,220.65680346130756,230.7317793438145,0.9563346847531818,-4.366531524681816
19,0.6,19.116221076449506,228.1739753942663,238.23211910853828,0.9577800686493936,-4.221993135060642
19.25,0.6,19.26370742312263,235.83355281967934,245.86309612243863,0.9592067965427206,-4.079320345727943
19.5,0.6,19.40954384661507,243.635857704798,253.6247888213886,0.9606153201230455,-3.9384679876954487
19.75,0.6,19.55374880454384,251.5811944499721,261.5172617207004,0.9620060748366966,-3.7993925163303355
20,0.6,19.696340548041423,259.6698503359675,269.54056583870766,0.9633794806654566,-3.6620519334543356
20.25,0.6,19.8373371240657,267.90209596167733,277.6947391093735,0.9647359428590428,-3.526405714095715
20.5,0.6,19.97675637768402,276.278185672439,285.9798067842366,0.9660758526243877,-3.3924147375612335
20.75,0.6,20.114615954331775,284.79835797916337,294.3957818240067,0.9673995877747298,-3.2600412225270214
21,0.6,20.25093330204566,293.4628359684746,302.94266528008745,0.9687075133413506,-3.1292486658649366
21.25,0.6,20.385725673671946,302.2718277040567,311.6204466663245,0.9699999821504715,-3.000001784952855
21.5,0.6,20.519010129050113,311.22552661939596,320.4291043212387,0.971277335367714,-2.872266463228601
21.75,0.6,20.650803537171946,320.3241119021021,329.3686057610052,0.9725399030122929,-2.7460096987707128
22,0.6,20.781122578316584,329.56774886999085,338.4389080234442,0.9737880044429206,-2.6211995557079426
22.25,0.6,20.909983746161632,338.9565893391002,347.63995800324625,0.9750219488173308,-2.497805118266916
22.5,0.6,21.03740334987065,348.4907719838123,356.9716927786878,0.9762420355270763,-2.3757964472923665
22.75,0.6,21.16339751615732,358.1704226892468,366.4340399300484,0.9774485546092302,-2.255144539076981
23,0.6,21.287982191326503,367.9956548960888,376.026917849959,0.9786417871364337,-2.1358212863566317
23.25,0.6,21.411173143292444,377.966569938008,385.7502360458912,0.979822005586648,-2.0177994413351996
23.5,0.6,21.532985963574433,388.0832573718242,395.60389543498565,0.9809894741938975,-1.9010525806102518
23.75,0.6,21.653436069270157,398.34579530057187,405.5877886314367,0.9821444492811253,-1.785555071887468
24,0.6,21.772538705006887,408.7542506896056,415.70180022660224,0.9832871795762985,-1.671282042370148
24.25,0.6,21.89030894487095,419.3086796758965,425.94580706204204,0.9844179065127437,-1.5582093487256254
24.5,0.6,22.00676169431552,430.009127870654,436.31967849566774,0.9855368645146351,-1.446313548536493
24.75,0.6,22.12191169204716,440.855630655415,446.82327666115447,0.9866442812685763,-1.3355718731423716
25,0.6,22.235773511891157,451.84821347172954,457.4564567208212,0.9877403779819982,-1.2259622018001792
25.25,0.6,22.34836156463608,462.9868921045777,468.2190671121098,0.9888253696292139,-1.1174630370786143
25.5,0.6,22.45969009985763,474.2716729596431,479.11094978784695,0.9898994651857849,-1.0100534814215134
25.75,0.6,22.569773207722164,485.7025533345689,490.1319404504324,0.9909628678518831,-0.9037132148116855
26,0.6,22.678624820769965,497.27952168431796,501.2818687801,0.9920157752652774,-0.79842247347226
26.25,0.6,22.7862587156786,509.00255788075776,512.5605586574133,0.9930583797044875,-0.6941620295512485
26.5,0.6,22.892688515006576,520.8716334665851,523.9678283801218,0.9940908682826792,-0.590913171732077
26.75,0.6,22.997927688917432,532.8867119037061,535.5034908745278,0.9951134231327825,-0.4886576867217496
27,0.6,23.101989556884597,545.047748816184,547.1673539014823,0.9961262215843383,-0.38737784156617217
27.25,0.6,23.20488728937714,557.3546922278613,558.9592202571581,0.9971294363324776,-0.28705636675223634
27.5,0.6,23.30663390952669,569.807482794767,570.8788879687213,0.9981232355994692,-0.18767644005307504
27.75,0.6,23.40724229477566,582.4060540324098,582.9261504850101,0.9991077832892423,-0.08922167107576762
28,0.6,23.506725178507118,595.1503325380645,595.1007968623592,1.0000832391352297,0.008323913522967352
28.25,0.6,23.60509515165633,608.0402382081468,607.4026119456848,1.0010497588418652,0.10497588418652004
28.5,0.6,23.702364664304323,621.0756844507779,619.8313765449245,1.0020074942201045,0.20074942201044887
28.75,0.6,23.798546027253636,634.2565783936357,632.3868676069676,1.0029565933172258,0.2956593317225753
29,0.6,23.893651413586404,647.5828210871841,645.0688583831666,1.0038972005412239,0.38972005412238886
29.25,0.6,23.987692860205037,661.0543077033747,657.8771185925392,1.0048294567800635,0.48294567800635235
29.5,0.6,24.080682269355655,674.6709277299105,670.8114145807634,1.0057534995160438,0.5753499516043759
29.75,0.6,24.17263141013447,688.432565160161,683.8715094750678,1.0066694629355069,0.6669462935506854
30,0.6,24.263551919977363,702.3390986788133,697.0571633351047,1.0075774780341356,0.7577478034135554
30.25,0.6,24.35345530613272,716.3904018433474,710.3681332999101,1.0084776727180338,0.8477672718033791
30.5,0.6,24.442352947117858,730.5863432614152,723.8041737310366,1.0093701719008032,0.9370171900803248
30.75,0.6,24.53025609415912,744.9267867642085,737.3650363519496,1.0102550975968023,1.025509759680232
31,0.6,24.61717587261591,759.4115915758922,751.0504703837771,1.0111325690107653,1.1132569010765314
31.25,0.6,24.7031232833887,774.0406124791839,764.8602226774921,1.0120027026239575,1.2002702623957529
31.5,0.6,24.78810920431139,788.8136999771554,778.7940378426214,1.0128656122770148,1.286561227701477
31.75,0.6,24.872144391528046,803.7307004513311,792.8516583725418,1.013721409249645,1.3721409249644934
32,0.6,24.955239480854225,818.791456316159,807.0328247664662,1.0145702023373033,1.4570202337303328
32.25,0.6,25.03740498912309,833.9958061699213,821.3372756481874,1.0154120979249894,1.5412097924989432
32.5,0.6,25.11865131551645,849.3435849421622,835.7647478816327,1.0162472000583262,1.624720005832625
32.75,0.6,25.198988742880946,864.8346240377002,850.3149766833562,1.017075610511975,1.7075610511974926
33,0.6,25.278427439029468,880.4687514772874,864.9876957319749,1.0178974288555769,1.789742885557688
33.25,0.6,25.356977458028034,896.2457920349909,879.7826372746662,1.0187127525172845,1.8712752517284548
33.5,0.6,25.434648741468276,912.1655673723577,894.6995322307786,1.0195216768449968,1.9521676844996838
33.75,0.6,25.51145111972569,928.2278961694257,909.7381102926172,1.0203242951654088,2.032429516540879
34,0.6,25.58739431320378,944.4325942526459,924.8981000234812,1.021120698840952,2.1120698840952024
34.25,0.6,25.662487933564353,960.7794747197796,940.1792289529973,1.0219109773247417,2.1910977324741676
34.5,0.6,25.736741484943973,977.268348061825,955.581223669844,1.0226952182135738,2.2695218213573787
34.75,0.6,25.810164365156847,993.8990222820383,971.1038099118826,1.0234735072991055,2.3473507299105467
35,0.6,25.882765866884267,1010.6713030121052,986.7467126537974,1.0242459286172476,2.4245928617247614
35.25,0.6,25.954555178850708,1027.58499362552,1002.5096561922716,1.0250125644958767,2.5012564495876743
35.5,0.6,26.025541386986788,1044.6398953482255,1018.3923642287688,1.0257734956009161,2.577349560091613
35.75,0.6,26.09573347557923,1061.835807366577,1034.394559949988,1.0265288009808518,2.652880098085175
36,0.6,26.165140328407947,1079.1725269326728,1050.5159661060025,1.0272785581097763,2.7278558109776307
36.25,0.6,26.23377072987039,1096.649849467113,1066.7563050861957,1.0280228429289686,2.8022842928968617
36.5,0.6,26.301633366093363,1114.2675686592345,1083.1152989929844,1.028761729887126,2.876172988712611
36.75,0.6,26.368736826032347,1132.0254765648735,1099.5926697134303,1.0294952919792524,2.949529197925238
37,0.6,26.43508960255856,1149.9233637017048,1116.188138988762,1.0302236007842782,3.0223600784278215
37.25,0.6,26.50070009353385,1167.9610191422094,1132.9014284818506,1.0309467265014756,3.0946726501475563
37.5,0.6,26.56557660287357,1186.138230604314,1149.73225984271,1.0316647379856807,3.16647379856807
37.75,0.6,26.629727341597523,1204.4547845397544,1166.6803547720474,1.0323777027813994,3.23777027813994
38,0.6,26.693160428869216,1222.9104662202044,1183.745435082908,1.0330856871558312,3.3085687155831156
38.25,0.6,26.755883893023427,1241.505059821218,1200.927222760476,1.0337887561308412,3.37887561308412
38.5,0.6,26.81790567258232,1260.2383485040311,1218.2254400200638,1.0344869735139297,3.448697351392971
38.75,0.6,26.879233617260155,1279.1101144952595,1235.639809363315,1.0351804019282476,3.518040192824756
39,0.6,26.939875488956794,1298.1201391645452,1253.1700536326955,1.035869102841668,3.5869102841668
39.25,0.6,26.999838962740068,1317.2682031001843,1270.8158960642936,1.0365531365949647,3.655313659496473
39.5,0.6,27.059131627817177,1336.5540861827862,1288.5770603389474,1.0372325624291487,3.723256242914874
39.75,0.6,27.11776098849519,1355.9775676569936,1306.4532706317968,1.0379074385119393,3.790743851193934
40,0.6,27.175734465130816,1375.5384262013151,1324.4442516602242,1.0385778219634711,3.857782196347115
40.25,0.6,27.233059395069596,1395.2364399961,1342.5497287302892,1.039243768881201,3.924376888120107
40.5,0.6,27.289743033574485,1415.0713867896977,1360.7694277816354,1.0399053343640936,3.9905334364093603
40.75,0.6,27.345792554744143,1435.0430439628371,1379.1030754309438,1.040562572536076,4.056257253607609
41,0.6,27.40121505242092,1455.1511885912669,1397.550399013952,1.0412155365688103,4.121553656881027
41.25,0.6,27.45601754108865,1475.3955975066854,1416.1111266260673,1.0418642787037944,4.186427870379439
41.5,0.6,27.51020695676046,1495.7760473560024,1434.7849871616236,1.0425088502738205,4.250885027382045
41.75,0.6,27.563790157856605,1516.2923146589644,1453.571710351791,1.0431493017238165,4.314930172381648
42,0.6,27.616773926072504,1536.944175864176,1472.471026801196,1.0437856826310816,4.378568263108162
42.25,0.6,27.66916496723704,1557.7314074035548,1491.4826680232536,1.0444180417249531,4.441804172495312
42.5,0.6,27.720969912161298,1578.653785745249,1510.6063664742717,1.0450464269059045,4.504642690590455
42.75,0.6,27.772195317477774,1599.71108744505,1529.8418555863311,1.0456708852641117,4.567088526411167
43,0.6,27.8228476664702,1620.903089196335,1549.1888697989934,1.0462914630974895,4.629146309748955
43.25,0.6,27.87293336989411,1642.2295678785667,1568.647144589828,1.046908205929243,4.690820592924294
43.5,0.6,27.922458766788207,1663.6903006043817,1588.2164165038491,1.047521158524903,4.752115852490291
43.75,0.6,27.971430125276633,1685.2850647652972,1607.896423181806,1.0481303649089222,4.81303649089222
44,0.6,28.019853643362325,1707.0136380760669,1627.6869033874332,1.048735868380795,4.873586838079502
44.25,0.6,28.067735449711424,1728.8757986177127,1647.587597033643,1.0493377115307392,4.933771153073918
44.5,0.6,28.115081604428962,1750.87132487926,1667.5982452076662,1.0499359362549725,4.99359362549725
44.75,0.6,28.161898099825844,1772.9999957982086,1687.7185901952398,1.0505305837705463,5.053058377054631
45,0.6,28.20819086117726,1795.2615907997563,1707.9483755037709,1.051121694629811,5.112169462981098
45.25,0.6,28.253965747472623,1817.655889834817,1728.2873458845938,1.0517093087344693,5.170930873446933
45.5,0.6,28.299228552157068,1840.1826734168421,1748.735247354254,1.0522934653492821,5.229346534928214
45.75,0.6,28.343985003864738,1862.841722657487,1769.291827214916,1.0528742031153957,5.28742031153957
46,0.6,28.3882407671438,1885.6328193011345,1789.9568340738772,1.053451560063324,5.345156006332408
46.25,0.6,28.43200144317336,1908.5557457583075,1810.730017862223,1.0540255736255917,5.402557362559168
46.5,0.6,28.47527257047239,1931.610285137994,1831.6111298526305,1.0545962806490532,5.45962806490532
46.75,0.6,28.51805962560071,1954.7962212789046,1852.5999226763572,1.0551637174068913,5.51637174068913
47,0.6,28.560368023852092,1978.1133387796915,1873.6961503394373,1.055727919610305,5.57279196103051
47.25,0.6,28.602203119939663,2001.5614230281444,1894.899568238084,1.0562889224199026,5.628892241990258
47.5,0.6,28.643570208673623,2025.1402602293938,1916.2099331733302,1.0568467604568097,5.68467604568097
47.75,0.6,28.684474525631348,2048.849637433136,1937.6270033649496,1.057401467813482,5.740146781348199
48,0.6,28.724921247820063,2072.68934255991,1959.1505384646207,1.0579530780642663,5.795307806426631
48.25,0.6,28.76491549433203,2096.6591644264345,1980.7802995684065,1.0585016242756842,5.850162427568417
48.5,0.6,28.804462326992457,2120.7588927700413,2002.5160492285504,1.0590471390164602,5.904713901646019
48.75,0.6,28.843566751000147,2144.988318272214,2024.3575514645966,1.0595896543673042,5.9589654367304234
49,0.6,28.88223371556096,2169.347232581255,2046.30457177383,1.0601292019304662,6.0129201930466225
49.25,0.6,28.92046811451421,2193.8354283341023,2068.3568771411374,1.06066581283903,6.066581283903005
49.5,0.6,28.958274786952057,2218.452699177314,2090.514236048192,1.0611995177660072,6.119951776600718
49.75,0.6,28.99565851783194,2243.19883978724,2112.7764184820694,1.0617303469331947,6.173034693319468
50,0.6,29.032624038582206,2268.0736458893934,2135.1431959432707,1.0622583301198196,6.225833011981963
50.25,0.6,29.06917602770092,2293.0769142770523,2157.6143414531384,1.0627834966709948,6.278349667099481
50.5,0.6,29.105319111347985,2318.2084428290973,2180.1896295607758,1.0633058755059426,6.330587550594258
50.75,0.6,29.14105786393068,2343.4680305271095,2202.8688363493625,1.0638254951260515,6.382549512605151
51,0.6,29.176396808682586,2368.855477471742,2225.651739441988,1.0643423836227215,6.434238362272149
51.25,0.6,29.211340418236066,2394.3705848983836,2248.538118006924,1.0648565686850457,6.485656868504575
51.5,0.6,29.245893115188345,2420.0131551921304,2271.5277527624526,1.0653680776072851,6.5368077607285135
51.75,0.6,29.280059272661255,2445.782991902087,2294.6204259811416,1.0658769372962025,6.587693729620248
52,0.6,29.313843214854717,2471.679899754998,2317.815921493712,1.0663831742781924,6.63831742781924
52.25,0.6,29.347249217594,2497.7036846682445,2341.1140246923824,1.0668868147062753,6.688681470627533
52.5,0.6,29.380281508870922,2523.8541537622045,2364.5145225338056,1.067387884366915,6.73878843669149
52.75,0.6,29.41294426937894,2550.131115372007,2388.017203541553,1.067886408686684,6.788640868668394
53,0.6,29.445241633042283,2576.5343790586776,2411.621857808183,1.0683824127387767,6.8382412738776654
53.25,0.6,29.47717768753915,2603.063755619704,2435.328276996856,1.06887592124939,6.88759212493899
53.5,0.6,29.508756474819066,2629.719057099031,2459.136254342644,1.0693669586039207,6.9366958603920725
53.75,0.6,29.53998199161445,2656.500096796494,2483.045584653311,1.0698555488530836,6.985554885308365
54,0.6,29.57085818994645,2683.4066892767105,2507.0560643098624,1.070341715718828,7.034171571882797
54.25,0.6,29.601388977625138,2710.4386503774444,2531.1674912665976,1.0708254826001813,7.082548260018129
54.5,0.6,29.63157821874408,2737.595797217446,2555.3796650508853,1.0713068725789254,7.130687257892543
54.75,0.6,29.661429734169406,2764.87794820379,2579.6923867625787,1.0717859084251562,7.17859084251562
55,0.6,29.690947302023382,2792.284923038722,2604.1054590730478,1.0722626126027393,7.226261260273925
55.25,0.6,29.720134658162586,2819.8165427260224,2628.61868622396,1.0727370072746154,7.273700727461541
55.5,0.6,29.748995496650746,2847.4726295769055,2653.231874025657,1.0732091143080285,7.320911430802846
55.75,0.6,29.77753347022626,2875.2530072154573,2677.944829855295,1.0736789552796067,7.367895527960666
56,0.6,29.805752190764494,2903.1575005836285,2702.757362654655,1.0741465514803519,7.414655148035187
56.25,0.6,29.83365522973494,2931.1859359457994,2727.669282927654,1.074611923920523,7.461192392052296
56.5,0.6,29.861246118653217,2959.3381408929163,2752.680402737601,1.0750750933344058,7.507509333440576
56.75,0.6,29.888528349528027,2987.6139443462143,2777.790535704148,1.075536080184994,7.5536080184994026
57,0.6,29.91550537530313,3016.0131765605474,2802.999496999998,1.0759949046685646,7.599490466856462
57.25,0.6,29.94218061029437,3044.5356691273187,2828.3071033473793,1.0764515867191462,7.64515867191462
57.5,0.6,29.968557430621775,3073.1812549770343,2853.713173014204,1.0769061460129223,7.690614601292234
57.75,0.6,29.99463917463688,3101.949768381485,2879.217525810066,1.077358601972511,7.735860197251099
58,0.6,30.02042914334523,3130.841044955568,2904.8199830819376,1.077808973771183,7.78089737711829
58.25,0.6,30.04593060082416,3159.8549216587585,2930.520367709706,1.0782572803369679,7.825728033696788
58.5,0.6,30.071146774635924,3188.9912367962334,2956.3185041014285,1.0787035403566998,7.87035403566998
58.75,0.6,30.09608085623618,3218.2498300196703,2982.2142181884265,1.0791477722799625,7.91477722799625
59,0.6,30.120736001377917,3247.6305423277176,3008.207337420147,1.079589994322965,7.9589994322964985
59.25,0.6,30.14511533051085,3277.1332160661514,3034.2976907588586,1.0800302244723263,8.003022447232633
59.5,0.6,30.16922192917636,3306.757694927725,3060.4851086741073,1.080468480488804,8.046848048880406
59.75,0.6,30.193058848398028,3336.503823951722,3086.7694231370574,1.0809047799109213,8.090477991092126
60,0.6,30.21662910506776,3366.371449523224,3113.150467614585,1.0813391400585486,8.133914005854859
